{
  "movies": [
    {
      "id": "1",
      "title": "The Shawshank Redemption",
      "director": "Frank Darabont",
      "releaseYear": 1994,
      "genre": "Drama",
      "rating": "9",
      "image_url": "https://m.media-amazon.com/images/M/MV5BMDAyY2FhYjctNDc5OS00MDNlLThiMGUtY2UxYWVkNGY2ZjljXkEyXkFqcGc@._V1_FMjpg_UX1000_.jpg",
      "comments": "Una de mis Favoritas"
    },
    {
      "id": "2",
      "title": "Inception",
      "director": "Christopher Nolan",
      "releaseYear": 2010,
      "genre": "Sci-Fi",
      "rating": "9.5",
      "image_url": "https://m.media-amazon.com/images/M/MV5BMjAxMzY3NjcxNF5BMl5BanBnXkFtZTcwNTI5OTM0Mw@@._V1_FMjpg_UX1000_.jpg",
      "comments": "Entretenida"
    },
    {
      "id": "3",
      "title": "The Godfather",
      "director": "Francis Ford Coppola",
      "releaseYear": 1972,
      "genre": "Crime",
      "rating": "9.5",
      "image_url": "https://m.media-amazon.com/images/M/MV5BNGEwYjgwOGQtYjg5ZS00Njc1LTk2ZGEtM2QwZWQ2NjdhZTE5XkEyXkFqcGc@._V1_.jpg",
      "comments": "mejor pelicula en el ranking"
    },
    {
      "id": "4",
      "title": "Pulp Fiction",
      "director": "Quentin Tarantino",
      "releaseYear": 1994,
      "genre": "Crime",
      "rating": 8.9,
      "image_url": "https://m.media-amazon.com/images/I/71c05lTE03L._AC_SY679_.jpg",
      "comments": "Entretenida y Divertida."
    },
    {
      "id": "5",
      "title": "Forrest Gump",
      "director": "Robert Zemeckis",
      "releaseYear": 1994,
      "genre": "Drama",
      "rating": "8",
      "image_url": "https://m.media-amazon.com/images/S/pv-target-images/9fe3eef6b0b80d9440cccaf618c2b7785a433b96a7812bb4e8e18945b4e7a231.jpg",
      "comments": ""
    },
    {
      "id": "6",
      "title": "The Matrix",
      "director": "Lana Wachowski, Lilly Wachowski",
      "releaseYear": 1999,
      "genre": "Sci-Fi",
      "rating": 8.7,
      "image_url": "https://m.media-amazon.com/images/I/51vpnbwFHrL._AC_.jpg"
    },
    {
      "id": "7",
      "title": "The Dark Knight",
      "director": "Christopher Nolan",
      "releaseYear": 2008,
      "genre": "Action",
      "rating": 9,
      "image_url": "https://m.media-amazon.com/images/S/pv-target-images/e9a43e647b2ca70e75a3c0af046c4dfdcd712380889779cbdc2c57d94ab63902.jpg",
      "comments": ""
    },
    {
      "id": "8",
      "title": "Fight Club",
      "director": "David Fincher",
      "releaseYear": 1999,
      "genre": "Drama",
      "rating": "8",
      "image_url": "https://m.media-amazon.com/images/M/MV5BOTgyOGQ1NDItNGU3Ny00MjU3LTg2YWEtNmEyYjBiMjI1Y2M5XkEyXkFqcGc@._V1_FMjpg_UX1000_.jpg",
      "comments": ""
    },
    {
      "id": "9",
      "title": "Interstellar",
      "director": "Christopher Nolan",
      "releaseYear": 2014,
      "genre": "Sci-Fi",
      "rating": 8.6,
      "image_url": "https://m.media-amazon.com/images/I/91kFYg4fX3L._AC_SY679_.jpg"
    },
    {
      "id": "6ea0",
      "title": "The Gentlemen",
      "director": "Guy Ritchie",
      "releaseYear": "2019",
      "genre": "Crime",
      "image_url": "https://m.media-amazon.com/images/M/MV5BMjE2ZjQ4ZGMtZjFhMi00NmI5LTliNjEtODczMWMxNjliZjgxXkEyXkFqcGc%40._V1_FMjpg_UX1000_.jpg",
      "rating": "8.4",
      "comments": "Actualmente mi pelicula favorita !"
    },
    {
      "id": "0faf",
      "title": "Nombre de la Pelicula",
      "director": "Director de la Pelicula",
      "releaseYear": "2000",
      "genre": "any",
      "image_url": "https://www.oaktreeproductions.co.uk/media/3212/imdb.png?anchor=center&mode=crop&width=440&height=440&rnd=132081108920000000",
      "rating": "3",
      "comments": "Pelicula creada sin imagen, se usa una por defecto."
    },
    {
      "id": "7ed2",
      "title": "Aliens",
      "director": "Ridley Scott",
      "releaseYear": "1979",
      "genre": "Terror",
      "image_url": "https://m.media-amazon.com/images/I/71Ev0SG6vPL.jpg",
      "rating": "8",
      "comments": "Impresionante hasta el final"
    }
  ]
}